transport_edge_no,olat,olon,dlat,dlon
TAC1_E_1,39.8505555556,-75.3405555556,34.1927777778,-77.9555555556
TAC1_E_2,34.1927777778,-77.9555555556,51.3241666667,4.3463888889
TAC1_E_3,51.3241666667,4.3463888889,50.9072222222,-1.4572222222
TAC1_E_4,50.9072222222,-1.4572222222,51.8338888889,-8.3286111111
TAC1_W_1,51.3241666667,4.3463888889,50.9072222222,-1.4572222222
TAC1_W_2,50.9072222222,-1.4572222222,51.8338888889,-8.3286111111
TAC1_W_3,51.8338888889,-8.3286111111,39.8505555556,-75.3405555556
TAC1_W_4,39.8505555556,-75.3405555556,34.1927777778,-77.9555555556
