route_name,olon,olat,dlon,dlat
TAC1_E_1,-75.3405555556,39.8505555556,-77.9555555556,34.1927777778
TAC1_E_2,-77.9555555556,34.1927777778,4.3463888889,51.3241666667
TAC1_E_3,4.3463888889,51.3241666667,-1.4572222222,50.9072222222
TAC1_E_4,-1.4572222222,50.9072222222,-8.3286111111,51.8338888889
TAC1_W_1,4.3463888889,51.3241666667,-1.4572222222,50.9072222222
TAC1_W_2,-1.4572222222,50.9072222222,-8.3286111111,51.8338888889
TAC1_W_3,-8.3286111111,51.8338888889,-75.3405555556,39.8505555556
TAC1_W_4,-75.3405555556,39.8505555556,-77.9555555556,34.1927777778
